{"cameraMode":{"drawMode":0,"name":"Shaded","section":"Shading Mode"},"sceneLighting":true,"audioPlay":false,"sceneViewState":{"showFog":true,"showMaterialUpdate":false,"showSkybox":true,"showFlares":true,"showImageEffects":true,"showParticleSystems":true},"in2DMode":false,"pivot":{"x":0.6870487332344055,"y":3.422961473464966,"z":30.123558044433595},"rotation":{"x":0.008992474526166916,"y":0.04048730432987213,"z":0.00036443109274841845,"w":-0.9991395473480225},"size":49.49681854248047,"orthographic":true}