{"cameraMode":{"drawMode":0,"name":"Shaded","section":"Shading Mode"},"sceneLighting":false,"audioPlay":false,"sceneViewState":{"showFog":true,"showMaterialUpdate":false,"showSkybox":true,"showFlares":true,"showImageEffects":true,"showParticleSystems":true},"in2DMode":false,"pivot":{"x":3.115624189376831,"y":0.3659347891807556,"z":-2.150886058807373},"rotation":{"x":0.0832781046628952,"y":-0.2353813499212265,"z":0.02024761401116848,"w":0.9681169390678406},"size":3.7229115962982179,"orthographic":false}