{"cameraMode":{"drawMode":0,"name":"Shaded","section":"Shading Mode"},"sceneLighting":false,"audioPlay":false,"sceneViewState":{"showFog":true,"showMaterialUpdate":false,"showSkybox":true,"showFlares":true,"showImageEffects":true,"showParticleSystems":true},"in2DMode":false,"pivot":{"x":-6.448599338531494,"y":-1.1042938232421876,"z":16.718090057373048},"rotation":{"x":0.05069953203201294,"y":-0.15072749555110932,"z":0.0077405632473528389,"w":0.9872440695762634},"size":22.346189498901368,"orthographic":false}