{"cameraMode":{"drawMode":0,"name":"Shaded","section":"Shading Mode"},"sceneLighting":false,"audioPlay":false,"sceneViewState":{"showFog":true,"showMaterialUpdate":false,"showSkybox":true,"showFlares":true,"showImageEffects":true,"showParticleSystems":true},"in2DMode":false,"pivot":{"x":-4.68428897857666,"y":-0.13798153400421143,"z":16.849246978759767},"rotation":{"x":0.03314516320824623,"y":-0.09729647636413574,"z":0.003242120146751404,"w":0.9946981072425842},"size":22.0,"orthographic":false}