{"cameraMode":{"drawMode":0,"name":"Shaded","section":"Shading Mode"},"sceneLighting":false,"audioPlay":false,"sceneViewState":{"showFog":true,"showMaterialUpdate":false,"showSkybox":true,"showFlares":true,"showImageEffects":true,"showParticleSystems":true},"in2DMode":false,"pivot":{"x":0.20705246925354005,"y":0.3483014404773712,"z":-1.233743667602539},"rotation":{"x":0.08570410311222077,"y":0.0014891509199514986,"z":-0.00012816152593586594,"w":0.9963195323944092},"size":2.222911834716797,"orthographic":false}