{"cameraMode":{"drawMode":0,"name":"Shaded","section":"Shading Mode"},"sceneLighting":false,"audioPlay":false,"sceneViewState":{"showFog":true,"showMaterialUpdate":false,"showSkybox":true,"showFlares":true,"showImageEffects":true,"showParticleSystems":true},"in2DMode":false,"pivot":{"x":-1.9487755298614503,"y":0.013284802436828614,"z":-0.5662665367126465},"rotation":{"x":0.049456797540187839,"y":-0.3489820659160614,"z":0.018446745350956918,"w":0.9356416463851929},"size":6.122912883758545,"orthographic":false}