{"cameraMode":{"drawMode":0,"name":"Shaded","section":"Shading Mode"},"sceneLighting":false,"audioPlay":false,"sceneViewState":{"showFog":true,"showMaterialUpdate":false,"showSkybox":true,"showFlares":true,"showImageEffects":true,"showParticleSystems":true},"in2DMode":false,"pivot":{"x":0.8914661407470703,"y":0.1962118297815323,"z":0.8288576006889343},"rotation":{"x":0.03763185814023018,"y":-0.0942964255809784,"z":0.0035670199431478979,"w":0.9948263168334961},"size":6.122912883758545,"orthographic":false}